{"cameraMode":{"drawMode":0,"name":"Shaded","section":"Shading Mode"},"sceneLighting":true,"audioPlay":false,"sceneViewState":{"m_AlwaysRefresh":false,"showFog":true,"showSkybox":true,"showFlares":true,"showImageEffects":true,"showParticleSystems":true,"showVisualEffectGraphs":true,"m_FxEnabled":true},"in2DMode":false,"pivot":{"x":7.2650299072265629,"y":24.322208404541017,"z":29.40665054321289},"rotation":{"x":0.24950793385505677,"y":0.15660487115383149,"z":-0.041007138788700107,"w":0.9548219442367554},"size":12.12435531616211,"orthographic":false}